Country,Region,Happiness.Rank,Happiness.Score,Economy..GDP.per.Capita.,Family,Health..Life.Expectancy.,Freedom,Generosity,Trust..Government.Corruption.,Dystopia.Residual,Year,Income_Status
Norway,Western Europe,1,7.537000179,1.616463184,1.53352356,0.796666503,0.6354225874,0.3620122373,0.3159638345,2.277026653,2017,Wealthy
Denmark,Western Europe,2,7.521999836,1.482383013,1.551121593,0.7925655246,0.6260067225,0.3552804887,0.4007700682,2.313707352,2017,Wealthy
Iceland,Western Europe,3,7.504000187,1.48063302,1.610574007,0.8335521221,0.6271626353,0.4755402207,0.1535265595,2.322715282,2017,Wealthy
Switzerland,Western Europe,4,7.493999958,1.564979553,1.516911745,0.8581312895,0.6200705767,0.2905492783,0.3670072854,2.276716232,2017,Wealthy
Finland,Western Europe,5,7.468999863,1.443571925,1.540246725,0.8091576695,0.6179508567,0.2454827726,0.3826115429,2.430181503,2017,Wealthy
Netherlands,Western Europe,6,7.376999855,1.503944635,1.428939223,0.810696125,0.5853844881,0.4704898298,0.2826618254,2.294804096,2017,Wealthy
Canada,North America,7,7.315999985,1.479204416,1.481348991,0.8345576525,0.6111009121,0.4355397224,0.2873715162,2.187264442,2017,Wealthy
New Zealand,Australia and New Zealand,8,7.31400013,1.405706048,1.548195124,0.8167597055,0.6140621305,0.500005126,0.3828167021,2.046456337,2017,Wealthy
Sweden,Western Europe,9,7.28399992,1.494387269,1.478162169,0.8308751583,0.612924099,0.3853992522,0.3843987286,2.097537994,2017,Wealthy
Australia,Australia and New Zealand,10,7.28399992,1.484414935,1.510041952,0.8438867927,0.6016073823,0.47769925,0.3011837304,2.065210819,2017,Wealthy
Israel,Middle East and Northern Africa,11,7.212999821,1.375382423,1.376289964,0.8384039998,0.4059886038,0.330082655,0.08524210006,2.801757336,2017,Wealthy
Costa Rica,Latin America and Caribbean,12,7.078999996,1.109706283,1.416403651,0.7595092654,0.58013165,0.214613229,0.1001065895,2.898639202,2017,Middle Income
Austria,Western Europe,13,7.006000042,1.487097263,1.459944963,0.8153284192,0.5677661896,0.3164723217,0.2210603654,2.138506413,2017,Wealthy
United States,North America,14,6.993000031,1.546259284,1.419920564,0.7742866278,0.5057405233,0.3925787807,0.1356387883,2.218113422,2017,Wealthy
Ireland,Western Europe,15,6.977000237,1.535706639,1.558231115,0.8097826242,0.573110342,0.4278583229,0.2983881533,1.773869038,2017,Wealthy
Germany,Western Europe,16,6.951000214,1.487923384,1.472520351,0.7989507318,0.5625113845,0.33626917,0.2767319381,2.015769958,2017,Wealthy
Belgium,Western Europe,17,6.890999794,1.463780761,1.462312698,0.8180918694,0.5397707224,0.2315033376,0.2513431311,2.124210358,2017,Wealthy
Luxembourg,Western Europe,18,6.862999916,1.741943598,1.457583666,0.8450894952,0.5966278911,0.2831809819,0.318834424,1.619512081,2017,Wealthy
United Kingdom,Western Europe,19,6.714000225,1.44163394,1.49646008,0.8053359389,0.5081900358,0.4927741587,0.2654280663,1.704143524,2017,Wealthy
Chile,Latin America and Caribbean,20,6.65199995,1.25278461,1.284024954,0.8194797039,0.3768952787,0.3266624212,0.08228798211,2.509585857,2017,Wealthy
United Arab Emirates,Middle East and Northern Africa,21,6.647999763,1.626343369,1.266410232,0.7267982364,0.6083452702,0.3609419465,0.3244895637,1.734703541,2017,Wealthy
Brazil,Latin America and Caribbean,22,6.635000229,1.10735321,1.431306005,0.6165523529,0.4374537468,0.1623498946,0.1110927612,2.769267082,2017,Middle Income
Czech Republic,Central and Eastern Europe,23,6.609000206,1.352682352,1.433885217,0.7544440031,0.4909461737,0.08810675889,0.0368729271,2.451861858,2017,Wealthy
Argentina,Latin America and Caribbean,24,6.598999977,1.185295463,1.440451145,0.6951370835,0.4945192039,0.1094570607,0.05973988771,2.614005327,2017,Middle Income
Mexico,Latin America and Caribbean,25,6.578000069,1.153183818,1.21086216,0.7099789977,0.4127300084,0.1209904328,0.1327741146,2.837154865,2017,Middle Income
Singapore,Southeastern Asia,26,6.572000027,1.69227767,1.353814363,0.9494923949,0.5498405695,0.3459659815,0.464307785,1.216362,2017,Wealthy
Malta,Western Europe,27,6.52699995,1.343279839,1.488411665,0.8219442368,0.5887670517,0.5747305751,0.1530660689,1.556862831,2017,Wealthy
Uruguay,Latin America and Caribbean,28,6.453999996,1.217559695,1.412227869,0.7192168236,0.5793922544,0.1750969291,0.1780618727,2.172409534,2017,Middle Income
Guatemala,Latin America and Caribbean,29,6.453999996,0.872001946,1.255585194,0.5402399898,0.5313106179,0.2834883928,0.07722327858,2.893891096,2017,Middle Income
Panama,Latin America and Caribbean,30,6.452000141,1.233748436,1.373192549,0.7061561346,0.550026834,0.2105569392,0.07098392397,2.307199955,2017,Middle Income
France,Western Europe,31,6.441999912,1.430923462,1.387776852,0.8444658518,0.4702221155,0.1297623068,0.1725024283,2.005954742,2017,Wealthy
Thailand,Southeastern Asia,32,6.423999786,1.127868772,1.425792456,0.6472390294,0.5802007318,0.5721231103,0.03161273524,2.039508343,2017,Middle Income
Taiwan Province of China,Eastern Asia,33,6.421999931,1.433626533,1.384565353,0.7939842343,0.3614665866,0.2583604753,0.06382923573,2.126607418,2017,Wealthy
Spain,Western Europe,34,6.402999878,1.384397864,1.532090902,0.8889605999,0.4087812304,0.1901335716,0.07091409713,1.92775774,2017,Wealthy
Qatar,Middle East and Northern Africa,35,6.375,1.870765686,1.27429688,0.7100980878,0.6041309834,0.33047387,0.4392992556,1.14546442,2017,Wealthy
Colombia,Latin America and Caribbean,36,6.356999874,1.070622325,1.402182937,0.5950279236,0.4774874151,0.149014473,0.04666874185,2.616068125,2017,Middle Income
Saudi Arabia,Middle East and Northern Africa,37,6.343999863,1.530623555,1.286677599,0.5901483297,0.4497505724,0.1476160139,0.2734322548,2.065429688,2017,Wealthy
Trinidad and Tobago,Latin America and Caribbean,38,6.168000221,1.361355901,1.380228519,0.5199832916,0.518630743,0.3252964616,0.008964816108,2.053247452,2017,Wealthy
Kuwait,Middle East and Northern Africa,39,6.105000019,1.632952452,1.259698749,0.6321057081,0.4963375926,0.2282897979,0.2151595503,1.640425205,2017,Wealthy
Slovakia,Central and Eastern Europe,40,6.09800005,1.325393558,1.505059242,0.7127329111,0.2958174646,0.1365444809,0.02421085164,2.097776651,2017,Wealthy
Bahrain,Middle East and Northern Africa,41,6.086999893,1.488412261,1.323110461,0.6531330347,0.5367469192,0.1726684868,0.2570421696,1.656149387,2017,Wealthy
Malaysia,Southeastern Asia,42,6.084000111,1.29121542,1.284646034,0.6187844276,0.4022649825,0.4166089296,0.06560070813,2.004448891,2017,Wealthy
Nicaragua,Latin America and Caribbean,43,6.071000099,0.7372992039,1.28721571,0.6530959606,0.4475518465,0.301674217,0.1306879818,2.513930559,2017,Middle Income
Ecuador,Latin America and Caribbean,44,6.007999897,1.000820398,1.286168814,0.6856362224,0.4551981986,0.150112465,0.1401346475,2.290352583,2017,Middle Income
El Salvador,Latin America and Caribbean,45,6.002999783,0.9097844958,1.182125092,0.5960185528,0.4324525297,0.07825798541,0.08998095989,2.714593887,2017,Middle Income
Poland,Central and Eastern Europe,46,5.97300005,1.291787863,1.44571197,0.699475348,0.5203421116,0.1584659666,0.05930780619,1.797722816,2017,Wealthy
Uzbekistan,Central and Eastern Europe,47,5.971000195,0.7864410877,1.54896915,0.4982726276,0.6582486629,0.4159836471,0.2465282232,1.816913605,2017,Middle Income
Italy,Western Europe,48,5.964000225,1.395066619,1.444923282,0.8531443477,0.2564507127,0.1727896482,0.02802809142,1.813312054,2017,Wealthy
Russia,Central and Eastern Europe,49,5.962999821,1.281778097,1.469282389,0.5473493338,0.3737831116,0.05226382241,0.03296288103,2.205607414,2017,Wealthy
Belize,Latin America and Caribbean,50,5.955999851,0.907975316,1.081417799,0.450191766,0.5475093722,0.2400156409,0.09658107162,2.631955624,2017,Middle Income
Japan,Eastern Asia,51,5.920000076,1.416915178,1.436337829,0.9134758711,0.505625546,0.1205727682,0.1637607366,1.363223553,2017,Wealthy
Lithuania,Central and Eastern Europe,52,5.90199995,1.314582348,1.473516107,0.6289499402,0.2342317849,0.01016465668,0.01186564285,2.228440523,2017,Wealthy
Algeria,Middle East and Northern Africa,53,5.872000217,1.091864467,1.146217465,0.6175846457,0.2333358079,0.069436647,0.1460961103,2.567603827,2017,Middle Income
Latvia,Central and Eastern Europe,54,5.849999905,1.260748625,1.404714942,0.6385669708,0.3257079124,0.1530747861,0.07384272665,1.993655205,2017,Wealthy
South Korea,Eastern Asia,55,5.837999821,1.401678443,1.128274441,0.900214076,0.2579216659,0.2066743672,0.06328266859,1.880378008,2017,Wealthy
Moldova,Central and Eastern Europe,56,5.837999821,0.7288706303,1.251825571,0.5894652009,0.2407290488,0.2087791264,0.01009128615,2.807808399,2017,Middle Income
Romania,Central and Eastern Europe,57,5.824999809,1.217683911,1.15009129,0.6851583123,0.4570037425,0.1335199177,0.004387900699,2.176831484,2017,Middle Income
Bolivia,Latin America and Caribbean,58,5.822999954,0.833756566,1.227619052,0.4736302495,0.5587329268,0.2255607247,0.06047772616,2.443279028,2017,Middle Income
Turkmenistan,Central and Eastern Europe,59,5.822000027,1.130776763,1.493149161,0.4377260804,0.418271929,0.2499249876,0.2592703402,1.832909822,2017,Middle Income
Kazakhstan,Central and Eastern Europe,60,5.818999767,1.28455627,1.384369016,0.6060415506,0.4374542832,0.2019644231,0.1192828864,1.784892559,2017,Wealthy
North Cyprus,Western Europe,61,5.809999943,1.346911311,1.186303377,0.8346472383,0.4712036252,0.2668457031,0.1553533524,1.549157619,2017,Wealthy
Slovenia,Central and Eastern Europe,62,5.757999897,1.341205955,1.452518821,0.790828228,0.5725758076,0.2426490933,0.04512897879,1.313317299,2017,Wealthy
Peru,Latin America and Caribbean,63,5.715000153,1.035225272,1.218770385,0.6301661134,0.4500028789,0.1268197149,0.04704908654,2.20726943,2017,Middle Income
Mauritius,Sub-Saharan Africa,64,5.629000187,1.189395547,1.20956099,0.638007462,0.4912473261,0.3609337509,0.04218155518,1.697583914,2017,Middle Income
Cyprus,Western Europe,65,5.620999813,1.355938077,1.131363273,0.8447147012,0.3551115394,0.2712543011,0.0412379764,1.621249199,2017,Wealthy
Estonia,Central and Eastern Europe,66,5.611000061,1.32087934,1.4766711,0.6951683164,0.4791314304,0.0988908112,0.1832489222,1.357508659,2017,Wealthy
Belarus,Central and Eastern Europe,67,5.568999767,1.15655756,1.444945216,0.6377142668,0.2954002619,0.1551375091,0.1563138217,1.723232985,2017,Middle Income
Libya,Middle East and Northern Africa,68,5.525000095,1.101803064,1.35756433,0.5201690197,0.4657332301,0.1520736665,0.09261021018,1.835011244,2017,Middle Income
Turkey,Middle East and Northern Africa,69,5.5,1.198274374,1.337753177,0.6376056075,0.3007405996,0.04669304192,0.0996715799,1.879277945,2017,Middle Income
Paraguay,Latin America and Caribbean,70,5.493000031,0.9325373173,1.50728488,0.5792506933,0.4735077918,0.2241506577,0.09106591344,1.68533349,2017,Middle Income
"Hong Kong S.A.R., China",Eastern Asia,71,5.472000122,1.551674843,1.262790918,0.9430624247,0.4909686446,0.3744657934,0.2939337492,0.5546331406,2017,Wealthy
Philippines,Southeastern Asia,72,5.429999828,0.8576992154,1.253917575,0.4680090547,0.5852146745,0.1935134232,0.09933189303,1.972604752,2017,Middle Income
Serbia,Central and Eastern Europe,73,5.394999981,1.069317579,1.258189797,0.6507846713,0.2087155282,0.2201258838,0.04090378061,1.947084427,2017,Middle Income
Jordan,Middle East and Northern Africa,74,5.335999966,0.9910123944,1.239088893,0.6045900583,0.4184211493,0.1721704602,0.1198032722,1.791176558,2017,Middle Income
Hungary,Central and Eastern Europe,75,5.323999882,1.286011934,1.343133092,0.6877634525,0.1758635193,0.07840166241,0.03663693741,1.716459274,2017,Wealthy
Jamaica,Latin America and Caribbean,76,5.31099987,0.9255793095,1.368218064,0.6410223842,0.4743072391,0.2338183373,0.05526778102,1.612325668,2017,Middle Income
Croatia,Central and Eastern Europe,77,5.293000221,1.222556233,0.9679830074,0.7012885213,0.2557722926,0.2480029762,0.04310311005,1.854492426,2017,Middle Income
Kosovo,Central and Eastern Europe,78,5.278999805,0.9514843822,1.137853503,0.5414520502,0.2602879405,0.3199314475,0.05747161806,2.010540724,2017,Middle Income
China,Eastern Asia,79,5.272999763,1.081165791,1.160837412,0.7414155006,0.472787708,0.028806841,0.02279427461,1.764938593,2017,Middle Income
Pakistan,Southern Asia,80,5.269000053,0.7268835306,0.6726906896,0.4020477831,0.2352152616,0.3154460192,0.1243480667,2.79248929,2017,Middle Income
Indonesia,Southeastern Asia,81,5.262000084,0.9955385923,1.274444699,0.4923457205,0.4433234632,0.6117045879,0.01531713549,1.429476976,2017,Middle Income
Venezuela,Latin America and Caribbean,82,5.25,1.128431201,1.431337595,0.617144227,0.1539971232,0.0650196299,0.06449112296,1.789463758,2017,Middle Income
Montenegro,Central and Eastern Europe,83,5.236999989,1.121129036,1.238376498,0.6674646735,0.1949890554,0.1979110241,0.0881741941,1.729191542,2017,Middle Income
Morocco,Middle East and Northern Africa,84,5.235000134,0.8781145811,0.7748644352,0.597710669,0.4081583321,0.03220995516,0.08776318282,2.456189394,2017,Middle Income
Azerbaijan,Central and Eastern Europe,85,5.234000206,1.153601766,1.152400255,0.5407757759,0.3981558383,0.04526934028,0.1809875071,1.762481689,2017,Middle Income
Dominican Republic,Latin America and Caribbean,86,5.230000019,1.079373837,1.402416706,0.5748737454,0.5525898337,0.1869678497,0.1139452532,1.31946516,2017,Middle Income
Greece,Western Europe,87,5.227000237,1.289487481,1.239414573,0.8101989031,0.09573125094,0,0.04328977689,1.749221563,2017,Wealthy
Lebanon,Middle East and Northern Africa,88,5.224999905,1.074987531,1.129624248,0.7350810766,0.288515985,0.2644507587,0.03751382977,1.695073843,2017,Middle Income
Portugal,Western Europe,89,5.195000172,1.315175295,1.367043018,0.7958435416,0.4984652996,0.09510271251,0.01586945169,1.107682705,2017,Wealthy
Bosnia and Herzegovina,Central and Eastern Europe,90,5.18200016,0.9824094176,1.069335938,0.7051863074,0.2044031769,0.3288674951,0,1.892172575,2017,Middle Income
Honduras,Latin America and Caribbean,91,5.181000233,0.7305731177,1.143944979,0.5825694799,0.3480798602,0.2361888736,0.07334545255,2.065811157,2017,Middle Income
Macedonia,Central and Eastern Europe,92,5.175000191,1.064577937,1.207893014,0.6449481845,0.3259059787,0.2537609637,0.06027779356,1.617469311,2017,Middle Income
Somalia,Sub-Saharan Africa,93,5.151000023,0.02264318429,0.7211513519,0.1139891371,0.602126956,0.2916313112,0.2824103236,3.11748457,2017,Poor
Vietnam,Southeastern Asia,94,5.073999882,0.7885475755,1.277491331,0.6521689892,0.5710555911,0.2349680513,0.08763323724,1.462318659,2017,Middle Income
Nigeria,Sub-Saharan Africa,95,5.073999882,0.7837562561,1.215770483,0.05691573024,0.3949525654,0.2309471965,0.02612156607,2.365390539,2017,Middle Income
Tajikistan,Central and Eastern Europe,96,5.040999889,0.5247136354,1.271463275,0.5292351246,0.4715667069,0.2489976436,0.1463771462,1.84904933,2017,Poor
Bhutan,Southern Asia,97,5.011000156,0.8854163885,1.340126514,0.4958792925,0.5015376806,0.4740545452,0.1733803898,1.140184402,2017,Middle Income
Kyrgyzstan,Central and Eastern Europe,98,5.004000187,0.5962200761,1.394238591,0.5534577966,0.4549433887,0.4285803735,0.039439179,1.536723137,2017,Poor
Nepal,Southern Asia,99,4.961999893,0.4798201919,1.179283261,0.5041307807,0.4403059483,0.3940961659,0.07297554612,1.891241074,2017,Poor
Mongolia,Eastern Asia,100,4.954999924,1.027235866,1.493011236,0.5577834845,0.3941439688,0.3384642303,0.03290228918,1.111292362,2017,Middle Income
South Africa,Sub-Saharan Africa,101,4.828999996,1.054698706,1.384788632,0.1870800704,0.4792467356,0.1393623799,0.0725094974,1.510908604,2017,Middle Income
Tunisia,Middle East and Northern Africa,102,4.804999828,1.007265806,0.8683514595,0.613212049,0.2896806896,0.0496933572,0.08672314882,1.89025116,2017,Middle Income
Palestinian Territories,Middle East and Northern Africa,103,4.775000095,0.7162492275,1.155647159,0.5656669736,0.2547110617,0.1141731739,0.08928260207,1.878890276,2017,Middle Income
Egypt,Middle East and Northern Africa,104,4.735000134,0.9897018075,0.9974713922,0.5201872587,0.2821101546,0.1286314428,0.1143813655,1.702161074,2017,Middle Income
Bulgaria,Central and Eastern Europe,105,4.714000225,1.161459088,1.434379458,0.7082176805,0.2892317176,0.1131776944,0.01105153095,0.9961392879,2017,Middle Income
Sierra Leone,Sub-Saharan Africa,106,4.709000111,0.3684209287,0.984136045,0.005564753897,0.318697691,0.2930409014,0.07109517604,2.668459892,2017,Poor
Cameroon,Sub-Saharan Africa,107,4.695000172,0.5643053651,0.946018219,0.1328921169,0.4303887486,0.2362984568,0.05130663142,2.333645582,2017,Poor
Iran,Middle East and Northern Africa,108,4.691999912,1.156873107,0.711551249,0.6393331885,0.2493226081,0.3872429132,0.0487610735,1.498734951,2017,Middle Income
Albania,Central and Eastern Europe,109,4.644000053,0.9961927533,0.8036852479,0.7311597466,0.3814986348,0.2013129443,0.039864216,1.490441561,2017,Middle Income
Bangladesh,Southern Asia,110,4.607999802,0.5866829753,0.7351317406,0.5332410336,0.4783566594,0.1722553521,0.1237178594,1.978736162,2017,Poor
Namibia,Sub-Saharan Africa,111,4.573999882,0.9644343257,1.098470807,0.3386118114,0.5203035474,0.07713374496,0.09314697236,1.481890202,2017,Middle Income
Kenya,Sub-Saharan Africa,112,4.552999973,0.5604794621,1.067950726,0.3099883497,0.4527637661,0.4448603094,0.06464131922,1.651902199,2017,Poor
Mozambique,Sub-Saharan Africa,113,4.550000191,0.23430565,0.870701015,0.1066544354,0.4807910919,0.3222281039,0.1794363856,2.355650902,2017,Poor
Myanmar,Southeastern Asia,114,4.545000076,0.3671105504,1.123235941,0.3975225687,0.5144920349,0.838075161,0.1888162047,1.115290403,2017,Poor
Senegal,Sub-Saharan Africa,115,4.534999847,0.4793090224,1.179691911,0.4093628526,0.3779222667,0.1834688932,0.115460448,1.789646149,2017,Poor
Zambia,Sub-Saharan Africa,116,4.513999939,0.6364067793,1.003187299,0.2578358948,0.4616034925,0.2495801449,0.07821355015,1.826705456,2017,Middle Income
Iraq,Middle East and Northern Africa,117,4.497000217,1.102710485,0.9786131978,0.50118047,0.2885555327,0.199637264,0.1072157547,1.318907261,2017,Middle Income
Gabon,Sub-Saharan Africa,118,4.465000153,1.198210239,1.155620217,0.3565785885,0.312328577,0.04378537834,0.0760467872,1.322916269,2017,Middle Income
Ethiopia,Sub-Saharan Africa,119,4.460000038,0.3392338455,0.8646692038,0.3534097075,0.4088427424,0.3126507401,0.1654557139,2.015743732,2017,Poor
Sri Lanka,Southern Asia,120,4.440000057,1.009850144,1.259976387,0.6251308322,0.5612132549,0.4908635616,0.07365396619,0.4193892479,2017,Middle Income
Armenia,Central and Eastern Europe,121,4.375999928,0.9005967379,1.007483721,0.637524426,0.1983032674,0.08348809183,0.0266744215,1.521499157,2017,Middle Income
India,Southern Asia,122,4.315000057,0.7922212481,0.7543725967,0.4554276168,0.469987005,0.2315384895,0.09222688526,1.519117117,2017,Middle Income
Mauritania,Sub-Saharan Africa,123,4.291999817,0.6484572887,1.27203083,0.2853492796,0.09609804302,0.2018700242,0.1369570047,1.651637316,2017,Middle Income
Congo (Brazzaville),Sub-Saharan Africa,124,4.290999889,0.8089642525,0.832044363,0.2899574339,0.4350258708,0.1208521277,0.0796181336,1.724135637,2017,Middle Income
Georgia,Central and Eastern Europe,125,4.285999775,0.9506126642,0.570614934,0.6495469809,0.3094100356,0.05400881544,0.2516666353,1.500137806,2017,Middle Income
Congo (Kinshasa),Sub-Saharan Africa,126,4.28000021,0.0921023488,1.229023457,0.1914070249,0.2359613478,0.2464558333,0.06024135649,2.224958658,2017,Poor
Mali,Sub-Saharan Africa,127,4.190000057,0.4761804938,1.281473398,0.1693656743,0.3066137433,0.1833541989,0.1049702466,1.668190956,2017,Poor
Ivory Coast,Sub-Saharan Africa,128,4.179999828,0.6030489206,0.9047800303,0.04864216968,0.4477061927,0.2012374699,0.1300617754,1.844964266,2017,Middle Income
Cambodia,Southeastern Asia,129,4.168000221,0.6017650962,1.006238341,0.4297834039,0.6333758235,0.3859229684,0.06810595095,1.042941093,2017,Middle Income
Sudan,Sub-Saharan Africa,130,4.138999939,0.6595166922,1.21400857,0.2909208238,0.01499585528,0.1823174506,0.08984751999,1.68706584,2017,Middle Income
Ghana,Sub-Saharan Africa,131,4.119999886,0.6672248244,0.8736647367,0.2956377268,0.4230262935,0.2569239438,0.02533636987,1.577867508,2017,Middle Income
Ukraine,Central and Eastern Europe,132,4.096000195,0.8946519494,1.394537568,0.5759039521,0.1229747757,0.2700614631,0.02302947082,0.8143823147,2017,Middle Income
Uganda,Sub-Saharan Africa,133,4.080999851,0.3814307153,1.129827738,0.2176326066,0.4431859553,0.3257660568,0.05706971884,1.526362658,2017,Poor
Burkina Faso,Sub-Saharan Africa,134,4.032000065,0.3502277136,1.043280005,0.2158442587,0.324367851,0.2508646846,0.120328106,1.727212906,2017,Poor
Niger,Sub-Saharan Africa,135,4.027999878,0.1619253308,0.9930250049,0.268505007,0.3636586964,0.2286738455,0.1385729462,1.873983383,2017,Poor
Malawi,Sub-Saharan Africa,136,3.970000029,0.2334420383,0.5125688314,0.3150895834,0.4669146538,0.2871704698,0.07271165401,2.081786156,2017,Poor
Chad,Sub-Saharan Africa,137,3.936000109,0.4380129874,0.9538558722,0.04113471508,0.1623420268,0.2161138505,0.05358188227,2.071238041,2017,Poor
Zimbabwe,Sub-Saharan Africa,138,3.875,0.375846535,1.083095908,0.1967637539,0.336384207,0.1891434938,0.09537538141,1.597970247,2017,Poor
Lesotho,Sub-Saharan Africa,139,3.808000088,0.5210212469,1.190095186,0,0.3906612992,0.1574972719,0.11909464,1.42983532,2017,Poor
Angola,Sub-Saharan Africa,140,3.795000076,0.8584281802,1.10441196,0.04986866564,0,0.09792649001,0.0697203353,1.614482403,2017,Middle Income
Afghanistan,Southern Asia,141,3.79399991,0.4014772177,0.5815433264,0.1807467788,0.1061795205,0.3118709326,0.06115783006,2.150801182,2017,Poor
Botswana,Sub-Saharan Africa,142,3.766000032,1.122094154,1.221554995,0.3417555094,0.5051963329,0.09934844822,0.09858319908,0.3779137135,2017,Middle Income
Benin,Sub-Saharan Africa,143,3.657000065,0.4310854077,0.4352998435,0.2099302113,0.4259627759,0.2079484612,0.06092901528,1.885630965,2017,Poor
Madagascar,Sub-Saharan Africa,144,3.644000053,0.3058086932,0.9130203724,0.3752233088,0.1891967654,0.2087325305,0.0672319755,1.584612608,2017,Poor
Haiti,Latin America and Caribbean,145,3.602999926,0.3686102629,0.6404498219,0.27732113,0.03036985733,0.4892037809,0.09987214953,1.697167635,2017,Poor
Yemen,Middle East and Northern Africa,146,3.592999935,0.5916834474,0.935382247,0.3100809157,0.2494637221,0.1041252092,0.05676742271,1.345600605,2017,Poor
South Sudan,Sub-Saharan Africa,147,3.59100008,0.3972486258,0.6013231277,0.1634860039,0.1470624357,0.2856708169,0.1167935133,1.879567385,2017,Poor
Liberia,Sub-Saharan Africa,148,3.532999992,0.119041793,0.8721179366,0.2299181968,0.3328811824,0.2665498853,0.03894824907,1.673285961,2017,Poor
Guinea,Sub-Saharan Africa,149,3.506999969,0.2445499301,0.7912446856,0.1941291392,0.348587513,0.2648150921,0.1109376177,1.552311897,2017,Poor
Togo,Sub-Saharan Africa,150,3.494999886,0.3054447174,0.4318825305,0.2471055686,0.3804261386,0.1968961507,0.09566501528,1.837229252,2017,Poor
Rwanda,Sub-Saharan Africa,151,3.470999956,0.3687458932,0.9457070231,0.3264248073,0.581843853,0.2527560294,0.4552200139,0.5400612354,2017,Poor
Syria,Middle East and Northern Africa,152,3.461999893,0.7771531343,0.3961026073,0.5005333424,0.08153944463,0.4936637282,0.1513471305,1.061573505,2017,Middle Income
Tanzania,Sub-Saharan Africa,153,3.348999977,0.5111358762,1.041989803,0.3645092845,0.3900177777,0.3542563617,0.06603510678,0.6211304665,2017,Poor
Burundi,Sub-Saharan Africa,154,2.904999971,0.09162256867,0.6297935843,0.1516107917,0.0599007532,0.2044351846,0.08414794505,1.683024168,2017,Poor
Central African Republic,Sub-Saharan Africa,155,2.693000078,0,0,0.0187726859,0.2708420455,0.2808764875,0.05656507611,2.066004753,2017,Poor
Denmark,Western Europe,1,7.526,1.44178,1.16374,0.79504,0.57941,0.36171,0.44453,2.73939,2016,Wealthy
Switzerland,Western Europe,2,7.509,1.52733,1.14524,0.86303,0.58557,0.28083,0.41203,2.69463,2016,Wealthy
Iceland,Western Europe,3,7.501,1.42666,1.18326,0.86733,0.56624,0.47678,0.14975,2.83137,2016,Wealthy
Norway,Western Europe,4,7.498,1.57744,1.1269,0.79579,0.59609,0.37895,0.35776,2.66465,2016,Wealthy
Finland,Western Europe,5,7.413,1.40598,1.13464,0.81091,0.57104,0.25492,0.41004,2.82596,2016,Wealthy
Canada,North America,6,7.404,1.44015,1.0961,0.8276,0.5737,0.44834,0.31329,2.70485,2016,Wealthy
Netherlands,Western Europe,7,7.339,1.46468,1.02912,0.81231,0.55211,0.47416,0.29927,2.70749,2016,Wealthy
New Zealand,Australia and New Zealand,8,7.334,1.36066,1.17278,0.83096,0.58147,0.49401,0.41904,2.47553,2016,Wealthy
Australia,Australia and New Zealand,9,7.313,1.44443,1.10476,0.8512,0.56837,0.47407,0.32331,2.5465,2016,Wealthy
Sweden,Western Europe,10,7.291,1.45181,1.08764,0.83121,0.58218,0.38254,0.40867,2.54734,2016,Wealthy
Israel,Middle East and Northern Africa,11,7.267,1.33766,0.99537,0.84917,0.36432,0.32288,0.08728,3.31029,2016,Wealthy
Austria,Western Europe,12,7.119,1.45038,1.08383,0.80565,0.54355,0.32865,0.21348,2.69343,2016,Wealthy
United States,North America,13,7.104,1.50796,1.04782,0.779,0.48163,0.41077,0.14868,2.72782,2016,Wealthy
Costa Rica,Latin America and Caribbean,14,7.087,1.06879,1.02152,0.76146,0.55225,0.22553,0.10547,3.35168,2016,Middle Income
Puerto Rico,Latin America and Caribbean,15,7.039,1.35943,1.08113,0.77758,0.46823,0.22202,0.12275,3.0076,2016,Wealthy
Germany,Western Europe,16,6.994,1.44787,1.09774,0.81487,0.53466,0.30452,0.28551,2.50931,2016,Wealthy
Brazil,Latin America and Caribbean,17,6.952,1.08754,1.03938,0.61415,0.40425,0.15776,0.14166,3.50733,2016,Middle Income
Belgium,Western Europe,18,6.929,1.42539,1.05249,0.81959,0.51354,0.2424,0.26248,2.61355,2016,Wealthy
Ireland,Western Europe,19,6.907,1.48341,1.16157,0.81455,0.54008,0.44963,0.29754,2.15988,2016,Wealthy
Luxembourg,Western Europe,20,6.871,1.69752,1.03999,0.84542,0.5487,0.27571,0.35329,2.11055,2016,Wealthy
Mexico,Latin America and Caribbean,21,6.778,1.11508,0.7146,0.71143,0.37709,0.11735,0.18355,3.55906,2016,Middle Income
Singapore,Southeastern Asia,22,6.739,1.64555,0.86758,0.94719,0.4877,0.32706,0.46987,1.99375,2016,Wealthy
United Kingdom,Western Europe,23,6.725,1.40283,1.08672,0.80991,0.50036,0.50156,0.27399,2.14999,2016,Wealthy
Chile,Latin America and Caribbean,24,6.705,1.2167,0.90587,0.81883,0.37789,0.31595,0.11451,2.95505,2016,Middle Income
Panama,Latin America and Caribbean,25,6.701,1.18306,0.98912,0.70835,0.48927,0.2418,0.08423,3.00559,2016,Middle Income
Argentina,Latin America and Caribbean,26,6.65,1.15137,1.06612,0.69711,0.42284,0.10989,0.07296,3.12985,2016,Middle Income
Czech Republic,Central and Eastern Europe,27,6.596,1.30915,1.00793,0.76376,0.41418,0.09929,0.03986,2.96211,2016,Wealthy
United Arab Emirates,Middle East and Northern Africa,28,6.573,1.57352,0.87114,0.72993,0.56215,0.26591,0.35561,2.21507,2016,Wealthy
Uruguay,Latin America and Caribbean,29,6.545,1.18157,1.03143,0.72183,0.54388,0.18056,0.21394,2.67139,2016,Middle Income
Malta,Western Europe,30,6.488,1.30782,1.09879,0.80315,0.54994,0.56237,0.17554,1.99032,2016,Wealthy
Colombia,Latin America and Caribbean,31,6.481,1.03032,1.02169,0.59659,0.44735,0.15626,0.05399,3.17471,2016,Middle Income
France,Western Europe,32,6.478,1.39488,1.00508,0.83795,0.46562,0.1216,0.17808,2.4744,2016,Wealthy
Thailand,Southeastern Asia,33,6.474,1.0893,1.04477,0.64915,0.49553,0.58696,0.02833,2.5796,2016,Middle Income
Saudi Arabia,Middle East and Northern Africa,34,6.379,1.48953,0.84829,0.59267,0.37904,0.15457,0.30008,2.61482,2016,Wealthy
Taiwan,Eastern Asia,34,6.379,1.39729,0.92624,0.79565,0.32377,0.25495,0.0663,2.61523,2016,Wealthy
Qatar,Middle East and Northern Africa,36,6.375,1.82427,0.87964,0.71723,0.56679,0.32388,0.48049,1.58224,2016,Wealthy
Spain,Western Europe,37,6.361,1.34253,1.12945,0.87896,0.37545,0.17665,0.06137,2.39663,2016,Wealthy
Algeria,Middle East and Northern Africa,38,6.355,1.05266,0.83309,0.61804,0.21006,0.07044,0.16157,3.40904,2016,Middle Income
Guatemala,Latin America and Caribbean,39,6.324,0.83454,0.87119,0.54039,0.50379,0.28808,0.08701,3.19863,2016,Middle Income
Suriname,Latin America and Caribbean,40,6.269,1.09686,0.77866,0.50933,0.52234,0.16665,0.12692,3.06852,2016,Middle Income
Kuwait,Middle East and Northern Africa,41,6.239,1.61714,0.87758,0.63569,0.43166,0.15965,0.23669,2.28085,2016,Wealthy
Bahrain,Middle East and Northern Africa,42,6.218,1.44024,0.94397,0.65696,0.47375,0.17147,0.25772,2.27405,2016,Wealthy
Trinidad and Tobago,Latin America and Caribbean,43,6.168,1.32572,0.98569,0.52608,0.48453,0.31935,0.01241,2.51394,2016,Wealthy
Venezuela,Latin America and Caribbean,44,6.084,1.13367,1.03302,0.61904,0.19847,0.0425,0.08304,2.97468,2016,Middle Income
Slovakia,Central and Eastern Europe,45,6.078,1.27973,1.08268,0.70367,0.23391,0.13837,0.02947,2.61065,2016,Wealthy
El Salvador,Latin America and Caribbean,46,6.068,0.8737,0.80975,0.596,0.37269,0.08877,0.10613,3.22134,2016,Middle Income
Malaysia,Southeastern Asia,47,6.005,1.25142,0.88025,0.62366,0.39031,0.41474,0.09081,2.35384,2016,Wealthy
Nicaragua,Latin America and Caribbean,48,5.992,0.69384,0.89521,0.65213,0.46582,0.29773,0.16292,2.82428,2016,Middle Income
Uzbekistan,Central and Eastern Europe,49,5.987,0.73591,1.1681,0.50163,0.60848,0.34326,0.28333,2.34638,2016,Middle Income
Italy,Western Europe,50,5.977,1.35495,1.04167,0.85102,0.18827,0.16684,0.02556,2.34918,2016,Wealthy
Ecuador,Latin America and Caribbean,51,5.976,0.97306,0.85974,0.68613,0.4027,0.10074,0.18037,2.77366,2016,Middle Income
Belize,Latin America and Caribbean,52,5.956,0.87616,0.68655,0.45569,0.51231,0.23684,0.10771,3.08039,2016,Middle Income
Japan,Eastern Asia,53,5.921,1.38007,1.06054,0.91491,0.46761,0.10224,0.18985,1.80584,2016,Wealthy
Kazakhstan,Central and Eastern Europe,54,5.919,1.22943,0.95544,0.57386,0.4052,0.15011,0.11132,2.49325,2016,Middle Income
Moldova,Central and Eastern Europe,55,5.897,0.69177,0.83132,0.52309,0.25202,0.19997,0.01903,3.38007,2016,Middle Income
Russia,Central and Eastern Europe,56,5.856,1.23228,1.05261,0.58991,0.32682,0.02736,0.03586,2.59115,2016,Middle Income
Poland,Central and Eastern Europe,57,5.835,1.24585,1.04685,0.69058,0.4519,0.14443,0.055,2.20035,2016,Middle Income
South Korea,Eastern Asia,57,5.835,1.35948,0.72194,0.88645,0.25168,0.18824,0.07716,2.35015,2016,Wealthy
Bolivia,Latin America and Caribbean,59,5.822,0.79422,0.83779,0.4697,0.50961,0.21698,0.07746,2.91635,2016,Middle Income
Lithuania,Central and Eastern Europe,60,5.813,1.2692,1.06411,0.64674,0.18929,0.02025,0.0182,2.60525,2016,Wealthy
Belarus,Central and Eastern Europe,61,5.802,1.13062,1.04993,0.63104,0.29091,0.13942,0.17457,2.38582,2016,Middle Income
North Cyprus,Western Europe,62,5.771,1.31141,0.81826,0.84142,0.43596,0.26322,0.16578,1.93447,2016,Wealthy
Slovenia,Central and Eastern Europe,63,5.768,1.29947,1.05613,0.79151,0.53164,0.25738,0.03635,1.79522,2016,Wealthy
Peru,Latin America and Caribbean,64,5.743,0.99602,0.81255,0.62994,0.37502,0.14527,0.05292,2.73117,2016,Middle Income
Turkmenistan,Central and Eastern Europe,65,5.658,1.08017,1.03817,0.44006,0.37408,0.22567,0.28467,2.21489,2016,Middle Income
Mauritius,Sub-Saharan Africa,66,5.648,1.14372,0.75695,0.66189,0.46145,0.36951,0.05203,2.20223,2016,Middle Income
Libya,Middle East and Northern Africa,67,5.615,1.06688,0.95076,0.52304,0.40672,0.17087,0.10339,2.39374,2016,Middle Income
Latvia,Central and Eastern Europe,68,5.56,1.21788,0.95025,0.63952,0.27996,0.17445,0.0889,2.20859,2016,Middle Income
Cyprus,Western Europe,69,5.546,1.31857,0.70697,0.8488,0.29507,0.27906,0.05228,2.04497,2016,Wealthy
Paraguay,Latin America and Caribbean,70,5.538,0.89373,1.11111,0.58295,0.46235,0.25296,0.07396,2.16091,2016,Middle Income
Romania,Central and Eastern Europe,71,5.528,1.1697,0.72803,0.67602,0.36712,0.12889,0.00679,2.45184,2016,Middle Income
Estonia,Central and Eastern Europe,72,5.517,1.27964,1.05163,0.68098,0.41511,0.08423,0.18519,1.81985,2016,Wealthy
Jamaica,Latin America and Caribbean,73,5.51,0.89333,0.96372,0.59469,0.43597,0.22245,0.04294,2.35682,2016,Middle Income
Croatia,Central and Eastern Europe,74,5.488,1.18649,0.60809,0.70524,0.23907,0.18434,0.04002,2.52462,2016,Middle Income
Hong Kong,Eastern Asia,75,5.458,1.5107,0.87021,0.95277,0.48079,0.40097,0.31647,0.92614,2016,Wealthy
Somalia,Sub-Saharan Africa,76,5.44,0,0.33613,0.11466,0.56778,0.27225,0.3118,3.83772,2016,Poor
Kosovo,Central and Eastern Europe,77,5.401,0.90145,0.66062,0.54,0.14396,0.27992,0.06547,2.80998,2016,Middle Income
Turkey,Middle East and Northern Africa,78,5.389,1.16492,0.87717,0.64718,0.23889,0.04707,0.12348,2.29074,2016,Middle Income
Indonesia,Southeastern Asia,79,5.314,0.95104,0.87625,0.49374,0.39237,0.56521,0.00322,2.03171,2016,Middle Income
Jordan,Middle East and Northern Africa,80,5.303,0.99673,0.86216,0.60712,0.36023,0.14262,0.13297,2.20142,2016,Middle Income
Azerbaijan,Central and Eastern Europe,81,5.291,1.12373,0.76042,0.54504,0.35327,0.0564,0.17914,2.2735,2016,Middle Income
Philippines,Southeastern Asia,82,5.279,0.81217,0.87877,0.47036,0.54854,0.21674,0.11757,2.23484,2016,Middle Income
China,Eastern Asia,83,5.245,1.0278,0.79381,0.73561,0.44012,0.04959,0.02745,2.17087,2016,Middle Income
Bhutan,Southern Asia,84,5.196,0.8527,0.90836,0.49759,0.46074,0.48546,0.1616,1.82916,2016,Middle Income
Kyrgyzstan,Central and Eastern Europe,85,5.185,0.56044,0.95434,0.55449,0.40212,0.38432,0.04762,2.28136,2016,Poor
Serbia,Central and Eastern Europe,86,5.177,1.03437,0.81329,0.6458,0.15718,0.20737,0.04339,2.27539,2016,Middle Income
Bosnia and Herzegovina,Central and Eastern Europe,87,5.163,0.93383,0.64367,0.70766,0.09511,0.29889,0,2.48406,2016,Middle Income
Montenegro,Central and Eastern Europe,88,5.161,1.07838,0.74173,0.63533,0.15111,0.17191,0.12721,2.25531,2016,Middle Income
Dominican Republic,Latin America and Caribbean,89,5.155,1.02787,0.99496,0.57669,0.52259,0.21286,0.12372,1.69626,2016,Middle Income
Morocco,Middle East and Northern Africa,90,5.151,0.84058,0.38595,0.59471,0.25646,0.04053,0.08404,2.94891,2016,Middle Income
Hungary,Central and Eastern Europe,91,5.145,1.24142,0.93164,0.67608,0.1977,0.099,0.04472,1.95473,2016,Middle Income
Pakistan,Southern Asia,92,5.132,0.68816,0.26135,0.40306,0.14622,0.31185,0.1388,3.18286,2016,Middle Income
Lebanon,Middle East and Northern Africa,93,5.129,1.12268,0.64184,0.76171,0.26228,0.23693,0.03061,2.07339,2016,Middle Income
Portugal,Western Europe,94,5.123,1.27607,0.94367,0.79363,0.44727,0.11691,0.01521,1.53015,2016,Wealthy
Macedonia,Central and Eastern Europe,95,5.121,1.0193,0.78236,0.64738,0.27668,0.23507,0.07047,2.08947,2016,Middle Income
Vietnam,Southeastern Asia,96,5.061,0.74037,0.79117,0.66157,0.55954,0.25075,0.11556,1.9418,2016,Middle Income
Somaliland Region,Sub-Saharan Africa,97,5.057,0.25558,0.75862,0.33108,0.3913,0.51479,0.36794,2.43801,2016,Poor
Tunisia,Middle East and Northern Africa,98,5.045,0.97724,0.43165,0.59577,0.23553,0.03936,0.0817,2.68413,2016,Middle Income
Greece,Western Europe,99,5.033,1.24886,0.75473,0.80029,0.05822,0,0.04127,2.12944,2016,Middle Income
Tajikistan,Central and Eastern Europe,100,4.996,0.48835,0.75602,0.53119,0.43408,0.25998,0.13509,2.39106,2016,Poor
Mongolia,Eastern Asia,101,4.907,0.98853,1.08983,0.55469,0.35972,0.34539,0.03285,1.53586,2016,Middle Income
Laos,Southeastern Asia,102,4.876,0.68042,0.5497,0.38291,0.52168,0.43079,0.22423,2.08637,2016,Middle Income
Nigeria,Sub-Saharan Africa,103,4.875,0.75216,0.64498,0.05108,0.27854,0.23219,0.0305,2.88586,2016,Middle Income
Honduras,Latin America and Caribbean,104,4.871,0.69429,0.75596,0.58383,0.26755,0.2044,0.06906,2.29551,2016,Middle Income
Iran,Middle East and Northern Africa,105,4.813,1.11758,0.38857,0.64232,0.22544,0.38538,0.0557,1.99817,2016,Middle Income
Zambia,Sub-Saharan Africa,106,4.795,0.61202,0.6376,0.23573,0.42662,0.17866,0.11479,2.58991,2016,Middle Income
Nepal,Southern Asia,107,4.793,0.44626,0.69699,0.50073,0.37012,0.3816,0.07008,2.32694,2016,Poor
Palestinian Territories,Middle East and Northern Africa,108,4.754,0.67024,0.71629,0.56844,0.17744,0.11154,0.10613,2.40364,2016,Middle Income
Albania,Central and Eastern Europe,109,4.655,0.9553,0.50163,0.73007,0.31866,0.1684,0.05301,1.92816,2016,Middle Income
Bangladesh,Southern Asia,110,4.643,0.54177,0.24749,0.52989,0.39778,0.19132,0.12583,2.60904,2016,Poor
Sierra Leone,Sub-Saharan Africa,111,4.635,0.36485,0.628,0,0.30685,0.23897,0.08196,3.01402,2016,Poor
Iraq,Middle East and Northern Africa,112,4.575,1.07474,0.59205,0.51076,0.24856,0.19589,0.13636,1.81657,2016,Middle Income
Namibia,Sub-Saharan Africa,113,4.574,0.93287,0.70362,0.34745,0.48614,0.07795,0.10398,1.92198,2016,Middle Income
Cameroon,Sub-Saharan Africa,114,4.513,0.52497,0.62542,0.12698,0.42736,0.2268,0.06126,2.5198,2016,Poor
Ethiopia,Sub-Saharan Africa,115,4.508,0.29283,0.37932,0.34578,0.36703,0.29522,0.1717,2.65614,2016,Poor
South Africa,Sub-Saharan Africa,116,4.459,1.02416,0.96053,0.18611,0.42483,0.13656,0.08415,1.64227,2016,Middle Income
Sri Lanka,Southern Asia,117,4.415,0.97318,0.84783,0.62007,0.50817,0.46978,0.07964,0.91681,2016,Middle Income
India,Southern Asia,118,4.404,0.74036,0.29247,0.45091,0.40285,0.25028,0.08722,2.18032,2016,Middle Income
Myanmar,Southeastern Asia,119,4.395,0.34112,0.69981,0.3988,0.42692,0.81971,0.20243,1.50655,2016,Poor
Egypt,Middle East and Northern Africa,120,4.362,0.95395,0.49813,0.52116,0.18847,0.12706,0.10393,1.96895,2016,Middle Income
Armenia,Central and Eastern Europe,121,4.36,0.86086,0.62477,0.64083,0.14037,0.07793,0.03616,1.97864,2016,Middle Income
Kenya,Sub-Saharan Africa,122,4.356,0.52267,0.7624,0.30147,0.40576,0.41328,0.06686,1.88326,2016,Poor
Ukraine,Central and Eastern Europe,123,4.324,0.87287,1.01413,0.58628,0.12859,0.20363,0.01829,1.50066,2016,Middle Income
Ghana,Sub-Saharan Africa,124,4.276,0.63107,0.49353,0.29681,0.40973,0.21203,0.0326,2.2002,2016,Middle Income
Congo (Kinshasa),Sub-Saharan Africa,125,4.272,0.05661,0.80676,0.188,0.15602,0.25458,0.06075,2.74924,2016,Poor
Georgia,Central and Eastern Europe,126,4.252,0.83792,0.19249,0.64035,0.32461,0.06786,0.3188,1.87031,2016,Middle Income
Congo (Brazzaville),Sub-Saharan Africa,127,4.236,0.77109,0.47799,0.28212,0.37938,0.12077,0.09753,2.10681,2016,Middle Income
Senegal,Sub-Saharan Africa,128,4.219,0.44314,0.77416,0.40457,0.31056,0.19103,0.11681,1.97861,2016,Poor
Bulgaria,Central and Eastern Europe,129,4.217,1.11306,0.92542,0.67806,0.21219,0.12793,0.00615,1.15377,2016,Middle Income
Mauritania,Sub-Saharan Africa,130,4.201,0.61391,0.84142,0.28639,0.1268,0.22686,0.17955,1.9263,2016,Middle Income
Zimbabwe,Sub-Saharan Africa,131,4.193,0.35041,0.71478,0.1595,0.25429,0.18503,0.08582,2.4427,2016,Poor
Malawi,Sub-Saharan Africa,132,4.156,0.08709,0.147,0.29364,0.4143,0.30968,0.07564,2.82859,2016,Poor
Sudan,Sub-Saharan Africa,133,4.139,0.63069,0.81928,0.29759,0,0.18077,0.10039,2.10995,2016,Middle Income
Gabon,Sub-Saharan Africa,134,4.121,1.15851,0.72368,0.3494,0.28098,0.06244,0.09314,1.45332,2016,Middle Income
Mali,Sub-Saharan Africa,135,4.073,0.31292,0.86333,0.16347,0.27544,0.21064,0.13647,2.11087,2016,Poor
Haiti,Latin America and Caribbean,136,4.028,0.34097,0.29561,0.27494,0.12072,0.47958,0.14476,2.37116,2016,Poor
Botswana,Sub-Saharan Africa,137,3.974,1.09426,0.89186,0.34752,0.44089,0.12425,0.10769,0.96741,2016,Middle Income
Comoros,Sub-Saharan Africa,138,3.956,0.27509,0.60323,0.29981,0.15412,0.1827,0.18437,2.25632,2016,Poor
Ivory Coast,Sub-Saharan Africa,139,3.916,0.55507,0.57576,0.04476,0.40663,0.20338,0.1553,1.97478,2016,Poor
Cambodia,Southeastern Asia,140,3.907,0.55604,0.5375,0.42494,0.58852,0.40339,0.08092,1.31573,2016,Poor
Angola,Sub-Saharan Africa,141,3.866,0.84731,0.66366,0.04991,0.00589,0.12071,0.08434,2.09459,2016,Middle Income
Niger,Sub-Saharan Africa,142,3.856,0.1327,0.6053,0.26162,0.38041,0.2097,0.17176,2.09469,2016,Poor
South Sudan,Sub-Saharan Africa,143,3.832,0.39394,0.18519,0.15781,0.19662,0.25899,0.13015,2.50929,2016,Poor
Chad,Sub-Saharan Africa,144,3.763,0.42214,0.63178,0.03824,0.12807,0.18667,0.04952,2.30637,2016,Poor
Burkina Faso,Sub-Saharan Africa,145,3.739,0.31995,0.63054,0.21297,0.3337,0.24353,0.12533,1.87319,2016,Poor
Uganda,Sub-Saharan Africa,145,3.739,0.34719,0.90981,0.19625,0.43653,0.27102,0.06442,1.51416,2016,Poor
Yemen,Middle East and Northern Africa,147,3.724,0.57939,0.47493,0.31048,0.2287,0.09821,0.05892,1.97295,2016,Poor
Madagascar,Sub-Saharan Africa,148,3.695,0.27954,0.46115,0.37109,0.13684,0.2204,0.07506,2.15075,2016,Poor
Tanzania,Sub-Saharan Africa,149,3.666,0.47155,0.77623,0.357,0.3176,0.31472,0.05099,1.37769,2016,Poor
Liberia,Sub-Saharan Africa,150,3.622,0.10706,0.50353,0.23165,0.25748,0.24063,0.04852,2.23284,2016,Poor
Guinea,Sub-Saharan Africa,151,3.607,0.22415,0.3109,0.18829,0.30953,0.29914,0.1192,2.15604,2016,Poor
Rwanda,Sub-Saharan Africa,152,3.515,0.32846,0.61586,0.31865,0.5432,0.23552,0.50521,0.96819,2016,Poor
Benin,Sub-Saharan Africa,153,3.484,0.39499,0.10419,0.21028,0.39747,0.2018,0.06681,2.10812,2016,Poor
Afghanistan,Southern Asia,154,3.36,0.38227,0.11037,0.17344,0.1643,0.31268,0.07112,2.14558,2016,Poor
Togo,Sub-Saharan Africa,155,3.303,0.28123,0,0.24811,0.34678,0.17517,0.11587,2.1354,2016,Poor
Syria,Middle East and Northern Africa,156,3.069,0.74719,0.14866,0.62994,0.06912,0.48397,0.17233,0.81789,2016,Middle Income
Burundi,Sub-Saharan Africa,157,2.905,0.06831,0.23442,0.15747,0.0432,0.2029,0.09419,2.10404,2016,Poor
Switzerland,Western Europe,1,7.587,1.39651,1.34951,0.94143,0.66557,0.29678,0.41978,2.51738,2015,Wealthy
Iceland,Western Europe,2,7.561,1.30232,1.40223,0.94784,0.62877,0.4363,0.14145,2.70201,2015,Wealthy
Denmark,Western Europe,3,7.527,1.32548,1.36058,0.87464,0.64938,0.34139,0.48357,2.49204,2015,Wealthy
Norway,Western Europe,4,7.522,1.459,1.33095,0.88521,0.66973,0.34699,0.36503,2.46531,2015,Wealthy
Canada,North America,5,7.427,1.32629,1.32261,0.90563,0.63297,0.45811,0.32957,2.45176,2015,Wealthy
Finland,Western Europe,6,7.406,1.29025,1.31826,0.88911,0.64169,0.23351,0.41372,2.61955,2015,Wealthy
Netherlands,Western Europe,7,7.378,1.32944,1.28017,0.89284,0.61576,0.4761,0.31814,2.4657,2015,Wealthy
Sweden,Western Europe,8,7.364,1.33171,1.28907,0.91087,0.6598,0.36262,0.43844,2.37119,2015,Wealthy
New Zealand,Australia and New Zealand,9,7.286,1.25018,1.31967,0.90837,0.63938,0.47501,0.42922,2.26425,2015,Wealthy
Australia,Australia and New Zealand,10,7.284,1.33358,1.30923,0.93156,0.65124,0.43562,0.35637,2.26646,2015,Wealthy
Israel,Middle East and Northern Africa,11,7.278,1.22857,1.22393,0.91387,0.41319,0.33172,0.07785,3.08854,2015,Middle Income
Costa Rica,Latin America and Caribbean,12,7.226,0.95578,1.23788,0.86027,0.63376,0.25497,0.10583,3.17728,2015,Middle Income
Austria,Western Europe,13,7.2,1.33723,1.29704,0.89042,0.62433,0.33088,0.18676,2.5332,2015,Wealthy
Mexico,Latin America and Caribbean,14,7.187,1.02054,0.91451,0.81444,0.48181,0.14074,0.21312,3.60214,2015,Middle Income
United States,North America,15,7.119,1.39451,1.24711,0.86179,0.54604,0.40105,0.1589,2.51011,2015,Wealthy
Brazil,Latin America and Caribbean,16,6.983,0.98124,1.23287,0.69702,0.49049,0.14574,0.17521,3.26001,2015,Middle Income
Luxembourg,Western Europe,17,6.946,1.56391,1.21963,0.91894,0.61583,0.28034,0.37798,1.96961,2015,Wealthy
Ireland,Western Europe,18,6.94,1.33596,1.36948,0.89533,0.61777,0.45901,0.28703,1.9757,2015,Wealthy
Belgium,Western Europe,19,6.937,1.30782,1.28566,0.89667,0.5845,0.2225,0.2254,2.41484,2015,Wealthy
United Arab Emirates,Middle East and Northern Africa,20,6.901,1.42727,1.12575,0.80925,0.64157,0.26428,0.38583,2.24743,2015,Wealthy
United Kingdom,Western Europe,21,6.867,1.26637,1.28548,0.90943,0.59625,0.51912,0.32067,1.96994,2015,Wealthy
Oman,Middle East and Northern Africa,22,6.853,1.36011,1.08182,0.76276,0.63274,0.21542,0.32524,2.47489,2015,Wealthy
Venezuela,Latin America and Caribbean,23,6.81,1.04424,1.25596,0.72052,0.42908,0.05841,0.11069,3.19131,2015,Middle Income
Singapore,Southeastern Asia,24,6.798,1.52186,1.02,1.02525,0.54252,0.31105,0.4921,1.88501,2015,Wealthy
Panama,Latin America and Caribbean,25,6.786,1.06353,1.1985,0.79661,0.5421,0.24434,0.0927,2.84848,2015,Middle Income
Germany,Western Europe,26,6.75,1.32792,1.29937,0.89186,0.61477,0.28214,0.21843,2.11569,2015,Wealthy
Chile,Latin America and Caribbean,27,6.67,1.10715,1.12447,0.85857,0.44132,0.33363,0.12869,2.67585,2015,Middle Income
Qatar,Middle East and Northern Africa,28,6.611,1.69042,1.0786,0.79733,0.6404,0.32573,0.52208,1.55674,2015,Wealthy
France,Western Europe,29,6.575,1.27778,1.26038,0.94579,0.55011,0.12332,0.20646,2.21126,2015,Wealthy
Argentina,Latin America and Caribbean,30,6.574,1.05351,1.24823,0.78723,0.44974,0.11451,0.08484,2.836,2015,Middle Income
Czech Republic,Central and Eastern Europe,31,6.505,1.17898,1.20643,0.84483,0.46364,0.10686,0.02652,2.67782,2015,Middle Income
Uruguay,Latin America and Caribbean,32,6.485,1.06166,1.2089,0.8116,0.60362,0.2324,0.24558,2.32142,2015,Middle Income
Colombia,Latin America and Caribbean,33,6.477,0.91861,1.24018,0.69077,0.53466,0.18401,0.0512,2.85737,2015,Middle Income
Thailand,Southeastern Asia,34,6.455,0.9669,1.26504,0.7385,0.55664,0.5763,0.03187,2.31945,2015,Middle Income
Saudi Arabia,Middle East and Northern Africa,35,6.411,1.39541,1.08393,0.72025,0.31048,0.13706,0.32524,2.43872,2015,Wealthy
Spain,Western Europe,36,6.329,1.23011,1.31379,0.95562,0.45951,0.18227,0.06398,2.12367,2015,Middle Income
Malta,Western Europe,37,6.302,1.2074,1.30203,0.88721,0.60365,0.51752,0.13586,1.6488,2015,Middle Income
Taiwan,Eastern Asia,38,6.298,1.29098,1.07617,0.8753,0.3974,0.25376,0.08129,2.32323,2015,Wealthy
Kuwait,Middle East and Northern Africa,39,6.295,1.55422,1.16594,0.72492,0.55499,0.16228,0.25609,1.87634,2015,Wealthy
Suriname,Latin America and Caribbean,40,6.269,0.99534,0.972,0.6082,0.59657,0.16991,0.13633,2.79094,2015,Middle Income
Trinidad and Tobago,Latin America and Caribbean,41,6.168,1.21183,1.18354,0.61483,0.55884,0.31844,0.0114,2.26882,2015,Middle Income
El Salvador,Latin America and Caribbean,42,6.13,0.76454,1.02507,0.67737,0.4035,0.10692,0.11776,3.035,2015,Middle Income
Guatemala,Latin America and Caribbean,43,6.123,0.74553,1.04356,0.64425,0.57733,0.27489,0.09472,2.74255,2015,Middle Income
Uzbekistan,Central and Eastern Europe,44,6.003,0.63244,1.34043,0.59772,0.65821,0.22837,0.30826,2.23741,2015,Middle Income
Slovakia,Central and Eastern Europe,45,5.995,1.16891,1.26999,0.78902,0.31751,0.16893,0.03431,2.24639,2015,Middle Income
Japan,Eastern Asia,46,5.987,1.27074,1.25712,0.99111,0.49615,0.10705,0.1806,1.68435,2015,Wealthy
South Korea,Eastern Asia,47,5.984,1.24461,0.95774,0.96538,0.33208,0.18557,0.07857,2.21978,2015,Middle Income
Ecuador,Latin America and Caribbean,48,5.975,0.86402,0.99903,0.79075,0.48574,0.11541,0.1809,2.53942,2015,Middle Income
Bahrain,Middle East and Northern Africa,49,5.96,1.32376,1.21624,0.74716,0.45492,0.17362,0.306,1.73797,2015,Wealthy
Italy,Western Europe,50,5.948,1.25114,1.19777,0.95446,0.26236,0.22823,0.02901,2.02518,2015,Wealthy
Bolivia,Latin America and Caribbean,51,5.89,0.68133,0.97841,0.5392,0.57414,0.20536,0.088,2.82334,2015,Middle Income
Moldova,Central and Eastern Europe,52,5.889,0.59448,1.01528,0.61826,0.32818,0.20951,0.01615,3.10712,2015,Poor
Paraguay,Latin America and Caribbean,53,5.878,0.75985,1.30477,0.66098,0.53899,0.3424,0.08242,2.18896,2015,Middle Income
Kazakhstan,Central and Eastern Europe,54,5.855,1.12254,1.12241,0.64368,0.51649,0.11827,0.08454,2.24729,2015,Middle Income
Slovenia,Central and Eastern Europe,55,5.848,1.18498,1.27385,0.87337,0.60855,0.25328,0.03787,1.61583,2015,Middle Income
Lithuania,Central and Eastern Europe,56,5.833,1.14723,1.25745,0.73128,0.21342,0.02641,0.01031,2.44649,2015,Middle Income
Nicaragua,Latin America and Caribbean,57,5.828,0.59325,1.14184,0.74314,0.55475,0.27815,0.19317,2.32407,2015,Poor
Peru,Latin America and Caribbean,58,5.824,0.90019,0.97459,0.73017,0.41496,0.14982,0.05989,2.5945,2015,Middle Income
Belarus,Central and Eastern Europe,59,5.813,1.03192,1.23289,0.73608,0.37938,0.11046,0.1909,2.1309,2015,Middle Income
Poland,Central and Eastern Europe,60,5.791,1.12555,1.27948,0.77903,0.53122,0.16759,0.04212,1.86565,2015,Middle Income
Malaysia,Southeastern Asia,61,5.77,1.12486,1.07023,0.72394,0.53024,0.33075,0.10501,1.88541,2015,Middle Income
Croatia,Central and Eastern Europe,62,5.759,1.08254,0.79624,0.78805,0.25883,0.05444,0.0243,2.75414,2015,Middle Income
Libya,Middle East and Northern Africa,63,5.754,1.13145,1.11862,0.7038,0.41668,0.18295,0.11023,2.09066,2015,Middle Income
Russia,Central and Eastern Europe,64,5.716,1.13764,1.23617,0.66926,0.36679,0.00199,0.03005,2.27394,2015,Middle Income
Jamaica,Latin America and Caribbean,65,5.709,0.81038,1.15102,0.68741,0.50442,0.2123,0.02299,2.32038,2015,Middle Income
North Cyprus,Western Europe,66,5.695,1.20806,1.07008,0.92356,0.49027,0.26169,0.1428,1.59888,2015,Middle Income
Cyprus,Western Europe,67,5.689,1.20813,0.89318,0.92356,0.40672,0.30638,0.06146,1.88931,2015,Middle Income
Algeria,Middle East and Northern Africa,68,5.605,0.93929,1.07772,0.61766,0.28579,0.07822,0.17383,2.43209,2015,Middle Income
Kosovo,Central and Eastern Europe,69,5.589,0.80148,0.81198,0.63132,0.24749,0.2831,0.04741,2.76579,2015,Middle Income
Turkmenistan,Central and Eastern Europe,70,5.548,0.95847,1.22668,0.53886,0.4761,0.16979,0.30844,1.86984,2015,Middle Income
Mauritius,Sub-Saharan Africa,71,5.477,1.00761,0.98521,0.7095,0.56066,0.37744,0.07521,1.76145,2015,Middle Income
Hong Kong,Eastern Asia,72,5.474,1.38604,1.05818,1.01328,0.59608,0.39478,0.37124,0.65429,2015,Wealthy
Estonia,Central and Eastern Europe,73,5.429,1.15174,1.22791,0.77361,0.44888,0.0868,0.15184,1.58782,2015,Middle Income
Indonesia,Southeastern Asia,74,5.399,0.82827,1.08708,0.63793,0.46611,0.51535,0,1.86399,2015,Middle Income
Vietnam,Southeastern Asia,75,5.36,0.63216,0.91226,0.74676,0.59444,0.1686,0.10441,2.20173,2015,Middle Income
Turkey,Middle East and Northern Africa,76,5.332,1.06098,0.94632,0.73172,0.22815,0.12253,0.15746,2.08528,2015,Middle Income
Kyrgyzstan,Central and Eastern Europe,77,5.286,0.47428,1.15115,0.65088,0.43477,0.3003,0.04232,2.2327,2015,Poor
Nigeria,Sub-Saharan Africa,78,5.268,0.65435,0.90432,0.16007,0.34334,0.27233,0.0403,2.89319,2015,Middle Income
Bhutan,Southern Asia,79,5.253,0.77042,1.10395,0.57407,0.53206,0.47998,0.15445,1.63794,2015,Middle Income
Azerbaijan,Central and Eastern Europe,80,5.212,1.02389,0.93793,0.64045,0.3703,0.07799,0.16065,2.00073,2015,Middle Income
Pakistan,Southern Asia,81,5.194,0.59543,0.41411,0.51466,0.12102,0.33671,0.10464,3.10709,2015,Poor
Jordan,Middle East and Northern Africa,82,5.192,0.90198,1.05392,0.69639,0.40661,0.11053,0.14293,1.87996,2015,Middle Income
Montenegro,Central and Eastern Europe,82,5.192,0.97438,0.90557,0.72521,0.1826,0.1614,0.14296,2.10017,2015,Middle Income
China,Eastern Asia,84,5.14,0.89012,0.94675,0.81658,0.51697,0.08185,0.02781,1.8604,2015,Middle Income
Zambia,Sub-Saharan Africa,85,5.129,0.47038,0.91612,0.29924,0.48827,0.19591,0.12468,2.6343,2015,Poor
Romania,Central and Eastern Europe,86,5.124,1.04345,0.88588,0.7689,0.35068,0.13748,0.00649,1.93129,2015,Middle Income
Serbia,Central and Eastern Europe,87,5.123,0.92053,1.00964,0.74836,0.20107,0.19231,0.02617,2.025,2015,Middle Income
Portugal,Western Europe,88,5.102,1.15991,1.13935,0.87519,0.51469,0.13719,0.01078,1.26462,2015,Middle Income
Latvia,Central and Eastern Europe,89,5.098,1.11312,1.09562,0.72437,0.29671,0.18226,0.06332,1.62215,2015,Middle Income
Philippines,Southeastern Asia,90,5.073,0.70532,1.03516,0.58114,0.62545,0.24991,0.12279,1.7536,2015,Middle Income
Somaliland region,Sub-Saharan Africa,91,5.057,0.18847,0.95152,0.43873,0.46582,0.50318,0.39928,2.11032,2015,Poor
Morocco,Middle East and Northern Africa,92,5.013,0.73479,0.64095,0.60954,0.41691,0.07172,0.08546,2.45373,2015,Middle Income
Macedonia,Central and Eastern Europe,93,5.007,0.91851,1.00232,0.73545,0.33457,0.22359,0.05327,1.73933,2015,Middle Income
Mozambique,Sub-Saharan Africa,94,4.971,0.08308,1.02626,0.09131,0.34037,0.22269,0.15603,3.05137,2015,Poor
Albania,Central and Eastern Europe,95,4.959,0.87867,0.80434,0.81325,0.35733,0.14272,0.06413,1.89894,2015,Middle Income
Bosnia and Herzegovina,Central and Eastern Europe,96,4.949,0.83223,0.91916,0.79081,0.09245,0.24808,0.00227,2.06367,2015,Middle Income
Lesotho,Sub-Saharan Africa,97,4.898,0.37545,1.04103,0.07612,0.31767,0.16388,0.12504,2.79832,2015,Poor
Dominican Republic,Latin America and Caribbean,98,4.885,0.89537,1.17202,0.66825,0.57672,0.21684,0.14234,1.21305,2015,Middle Income
Laos,Southeastern Asia,99,4.876,0.59066,0.73803,0.54909,0.59591,0.42192,0.24249,1.73799,2015,Poor
Mongolia,Eastern Asia,100,4.874,0.82819,1.3006,0.60268,0.43626,0.3323,0.02666,1.34759,2015,Middle Income
Swaziland,Sub-Saharan Africa,101,4.867,0.71206,1.07284,0.07566,0.30658,0.18259,0.0306,2.48676,2015,Middle Income
Greece,Western Europe,102,4.857,1.15406,0.92933,0.88213,0.07699,0,0.01397,1.80101,2015,Middle Income
Lebanon,Middle East and Northern Africa,103,4.839,1.02564,0.80001,0.83947,0.33916,0.21854,0.04582,1.57059,2015,Middle Income
Hungary,Central and Eastern Europe,104,4.8,1.12094,1.20215,0.75905,0.32112,0.128,0.02758,1.24074,2015,Middle Income
Honduras,Latin America and Caribbean,105,4.788,0.59532,0.95348,0.6951,0.40148,0.23027,0.06825,1.84408,2015,Poor
Tajikistan,Central and Eastern Europe,106,4.786,0.39047,0.85563,0.57379,0.47216,0.22974,0.15072,2.11399,2015,Poor
Tunisia,Middle East and Northern Africa,107,4.739,0.88113,0.60429,0.73793,0.26268,0.06431,0.06358,2.12466,2015,Middle Income
Palestinian Territories,Middle East and Northern Africa,108,4.715,0.59867,0.92558,0.66015,0.24499,0.11251,0.12905,2.04384,2015,Poor
Bangladesh,Southern Asia,109,4.694,0.39753,0.43106,0.60164,0.4082,0.21222,0.12569,2.51767,2015,Poor
Iran,Middle East and Northern Africa,110,4.686,1.0088,0.54447,0.69805,0.30033,0.38086,0.05863,1.6944,2015,Middle Income
Ukraine,Central and Eastern Europe,111,4.681,0.79907,1.20278,0.6739,0.25123,0.15275,0.02961,1.5714,2015,Middle Income
Iraq,Middle East and Northern Africa,112,4.677,0.98549,0.81889,0.60237,0,0.17922,0.13788,1.95335,2015,Middle Income
South Africa,Sub-Saharan Africa,113,4.642,0.92049,1.18468,0.27688,0.33207,0.11973,0.08884,1.71956,2015,Middle Income
Ghana,Sub-Saharan Africa,114,4.633,0.54558,0.67954,0.40132,0.42342,0.23087,0.04355,2.30919,2015,Poor
Zimbabwe,Sub-Saharan Africa,115,4.61,0.271,1.03276,0.33475,0.25861,0.18987,0.08079,2.44191,2015,Poor
Liberia,Sub-Saharan Africa,116,4.571,0.0712,0.78968,0.34201,0.28531,0.24362,0.06232,2.77729,2015,Poor
India,Southern Asia,117,4.565,0.64499,0.38174,0.51529,0.39786,0.26475,0.08492,2.27513,2015,Middle Income
Sudan,Sub-Saharan Africa,118,4.55,0.52107,1.01404,0.36878,0.10081,0.19062,0.1466,2.20857,2015,Poor
Haiti,Latin America and Caribbean,119,4.518,0.26673,0.74302,0.38847,0.24425,0.46187,0.17175,2.24173,2015,Poor
Congo (Kinshasa),Sub-Saharan Africa,120,4.517,0,1.0012,0.09806,0.22605,0.24834,0.07625,2.86712,2015,Poor
Nepal,Southern Asia,121,4.514,0.35997,0.86449,0.56874,0.38282,0.32296,0.05907,1.95637,2015,Poor
Ethiopia,Sub-Saharan Africa,122,4.512,0.19073,0.60406,0.44055,0.4345,0.24325,0.15048,2.44876,2015,Poor
Sierra Leone,Sub-Saharan Africa,123,4.507,0.33024,0.95571,0,0.4084,0.21488,0.08786,2.51009,2015,Poor
Mauritania,Sub-Saharan Africa,124,4.436,0.45407,0.86908,0.35874,0.24232,0.219,0.17461,2.11773,2015,Poor
Kenya,Sub-Saharan Africa,125,4.419,0.36471,0.99876,0.41435,0.42215,0.37542,0.05839,1.78555,2015,Poor
Djibouti,Sub-Saharan Africa,126,4.369,0.44025,0.59207,0.36291,0.46074,0.18093,0.28105,2.05125,2015,Poor
Armenia,Central and Eastern Europe,127,4.35,0.76821,0.77711,0.7299,0.19847,0.07855,0.039,1.75873,2015,Middle Income
Botswana,Sub-Saharan Africa,128,4.332,0.99355,1.10464,0.04776,0.49495,0.10461,0.12474,1.46181,2015,Middle Income
Myanmar,Southeastern Asia,129,4.307,0.27108,0.70905,0.48246,0.44017,0.79588,0.19034,1.41805,2015,Poor
Georgia,Central and Eastern Europe,130,4.297,0.7419,0.38562,0.72926,0.40577,0.05547,0.38331,1.59541,2015,Middle Income
Malawi,Sub-Saharan Africa,131,4.292,0.01604,0.41134,0.22562,0.43054,0.33128,0.06977,2.80791,2015,Poor
Sri Lanka,Southern Asia,132,4.271,0.83524,1.01905,0.70806,0.53726,0.40828,0.09179,0.67108,2015,Middle Income
Cameroon,Sub-Saharan Africa,133,4.252,0.4225,0.88767,0.23402,0.49309,0.20618,0.05786,1.95071,2015,Poor
Bulgaria,Central and Eastern Europe,134,4.218,1.01216,1.10614,0.76649,0.30587,0.11921,0.00872,0.89991,2015,Middle Income
Egypt,Middle East and Northern Africa,135,4.194,0.8818,0.747,0.61712,0.17288,0.11291,0.06324,1.59927,2015,Middle Income
Yemen,Middle East and Northern Africa,136,4.077,0.54649,0.68093,0.40064,0.35571,0.09131,0.07854,1.92313,2015,Poor
Angola,Sub-Saharan Africa,137,4.033,0.75778,0.8604,0.16683,0.10384,0.12344,0.07122,1.94939,2015,Middle Income
Mali,Sub-Saharan Africa,138,3.995,0.26074,1.03526,0.20583,0.38857,0.18798,0.12352,1.79293,2015,Poor
Congo (Brazzaville),Sub-Saharan Africa,139,3.989,0.67866,0.6629,0.31051,0.41466,0.12388,0.11686,1.68135,2015,Middle Income
Comoros,Sub-Saharan Africa,140,3.956,0.23906,0.79273,0.36315,0.22917,0.17441,0.199,1.95812,2015,Poor
Uganda,Sub-Saharan Africa,141,3.931,0.21102,1.13299,0.33861,0.45727,0.29066,0.07267,1.42766,2015,Poor
Senegal,Sub-Saharan Africa,142,3.904,0.36498,0.97619,0.4354,0.36772,0.20843,0.10713,1.44395,2015,Poor
Gabon,Sub-Saharan Africa,143,3.896,1.06024,0.90528,0.43372,0.31914,0.06822,0.11091,0.99895,2015,Middle Income
Niger,Sub-Saharan Africa,144,3.845,0.0694,0.77265,0.29707,0.47692,0.19387,0.15639,1.87877,2015,Poor
Cambodia,Southeastern Asia,145,3.819,0.46038,0.62736,0.61114,0.66246,0.40359,0.07247,0.98195,2015,Poor
Tanzania,Sub-Saharan Africa,146,3.781,0.2852,1.00268,0.38215,0.32878,0.34377,0.05747,1.38079,2015,Poor
Madagascar,Sub-Saharan Africa,147,3.681,0.20824,0.66801,0.46721,0.19184,0.21333,0.08124,1.851,2015,Poor
Central African Republic,Sub-Saharan Africa,148,3.678,0.0785,0,0.06699,0.48879,0.23835,0.08289,2.7223,2015,Poor
Chad,Sub-Saharan Africa,149,3.667,0.34193,0.76062,0.1501,0.23501,0.18386,0.05269,1.94296,2015,Poor
Guinea,Sub-Saharan Africa,150,3.656,0.17417,0.46475,0.24009,0.37725,0.28657,0.12139,1.99172,2015,Poor
Ivory Coast,Sub-Saharan Africa,151,3.655,0.46534,0.77115,0.15185,0.46866,0.20165,0.17922,1.41723,2015,Poor
Burkina Faso,Sub-Saharan Africa,152,3.587,0.25812,0.85188,0.27125,0.39493,0.21747,0.12832,1.46494,2015,Poor
Afghanistan,Southern Asia,153,3.575,0.31982,0.30285,0.30335,0.23414,0.3651,0.09719,1.9521,2015,Poor
Rwanda,Sub-Saharan Africa,154,3.465,0.22208,0.7737,0.42864,0.59201,0.22628,0.55191,0.67042,2015,Poor
Benin,Sub-Saharan Africa,155,3.34,0.28665,0.35386,0.3191,0.4845,0.1826,0.0801,1.63328,2015,Poor
Syria,Middle East and Northern Africa,156,3.006,0.6632,0.47489,0.72193,0.15684,0.47179,0.18906,0.32858,2015,Middle Income
Burundi,Sub-Saharan Africa,157,2.905,0.0153,0.41587,0.22396,0.1185,0.19727,0.10062,1.83302,2015,Poor
Togo,Sub-Saharan Africa,158,2.839,0.20868,0.13995,0.28443,0.36453,0.16681,0.10731,1.56726,2015,Poor